<script app="Snap! 8.1, https://snap.berkeley.edu" version="2"><blocks><block-definition s="Autograder" type="reporter" category="other"><header></header><code></code><translations></translations><inputs></inputs><script><block s="doReport"><block s="reportJoinWords"><list><l>{"score":</l><block s="reportCombine"><custom-block s="score %s"><block s="reportNewList"><list><block s="reportNewList"><list><block s="errorObsolete"></block><block s="reportBoolean"><l><bool>true</bool></l></block><l>.25</l><l>letter _</l></list></block><block s="reportNewList"><list><block s="errorObsolete"></block><block s="reportBoolean"><l><bool>true</bool></l></block><l>.25</l><l>letter _</l></list></block><block s="reportNewList"><list><block s="errorObsolete"></block><block s="reportBoolean"><l><bool>false</bool></l></block><l>.25</l><l>letter _</l></list></block><block s="reportNewList"><list><block s="errorObsolete"></block><block s="reportBoolean"><l><bool>false</bool></l></block><l>.25</l><l>letter _</l></list></block><block s="reportNewList"><list><block s="errorObsolete"></block><block s="reportBoolean"><l><bool>true</bool></l></block><l>.5</l><l>_ has letter _</l></list></block><block s="reportNewList"><list><block s="errorObsolete"></block><block s="reportBoolean"><l><bool>false</bool></l></block><l>.5</l><l>_ has letter _</l></list></block><block s="reportNewList"><list><block s="errorObsolete"></block><l>WORKS</l><l>.5</l><l>uppercase word _</l></list></block><block s="reportNewList"><list><block s="errorObsolete"></block><l>FOR</l><l>.5</l><l>uppercase word _</l></list></block><block s="reportNewList"><list><block s="errorObsolete"></block><l>ATOZANDATOZ</l><l>1</l><l>uppercase word _</l></list></block><block s="reportNewList"><list><block s="errorObsolete"></block><l>works</l><l>.5</l><l>lowercase word _</l></list></block><block s="reportNewList"><list><block s="errorObsolete"></block><l>for</l><l>.5</l><l>lowercase word _</l></list></block><block s="reportNewList"><list><block s="errorObsolete"></block><l>atozandatoz</l><l>1</l><l>lowercase word _</l></list></block><block s="reportNewList"><list><block s="errorObsolete"></block><block s="reportBoolean"><l><bool>true</bool></l></block><l>1</l><l>_ has only these letters _</l></list></block><block s="reportNewList"><list><block s="errorObsolete"></block><block s="reportBoolean"><l><bool>true</bool></l></block><l>1</l><l>_ has only these letters _</l></list></block><block s="reportNewList"><list><block s="errorObsolete"></block><block s="reportBoolean"><l><bool>false</bool></l></block><l>2</l><l>_ has only these letters _</l></list></block><block s="reportNewList"><list><block s="errorObsolete"></block><block s="reportBoolean"><l><bool>true</bool></l></block><l>.5</l><l>_ is a pangram using all letters _</l></list></block><block s="reportNewList"><list><block s="errorObsolete"></block><block s="reportBoolean"><l><bool>true</bool></l></block><l>.5</l><l>_ is a pangram using all letters _</l></list></block><block s="reportNewList"><list><block s="errorObsolete"></block><block s="reportBoolean"><l><bool>true</bool></l></block><l>1</l><l>_ is a pangram using all letters _</l></list></block><block s="reportNewList"><list><block s="errorObsolete"></block><block s="reportBoolean"><l><bool>true</bool></l></block><l>1</l><l>_ is a pangram using all letters _</l></list></block><block s="reportNewList"><list><block s="errorObsolete"></block><block s="reportBoolean"><l><bool>false</bool></l></block><l>1</l><l>_ is a pangram using all letters _</l></list></block><block s="reportNewList"><list><block s="reportJoinWords"><list><block s="errorObsolete"></block></list></block><l></l><l>2</l><l>complete solution to puzzle _ using words _</l></list></block><block s="reportNewList"><list><block s="reportJoinWords"><list><block s="errorObsolete"></block></list></block><l>rebelberkeley</l><l>2</l><l>complete solution to puzzle _ using words _</l></list></block><block s="reportNewList"><list><block s="reportJoinWords"><list><block s="errorObsolete"></block></list></block><l>potSPOTSTOPStop</l><l>2</l><l>complete solution to puzzle _ using words _</l></list></block></list></block></custom-block><block s="reifyReporter"><autolambda><block s="reportVariadicSum"><list><l></l><l></l></list></block></autolambda><list></list></block></block><l>,"output":</l><l>"</l><custom-block s="string output %s"><block s="reportNewList"><list><block s="reportNewList"><list><block s="errorObsolete"></block><block s="reportBoolean"><l><bool>true</bool></l></block><l>.25</l><l>letter _</l></list></block><block s="reportNewList"><list><block s="errorObsolete"></block><block s="reportBoolean"><l><bool>true</bool></l></block><l>.25</l><l>letter _</l></list></block><block s="reportNewList"><list><block s="errorObsolete"></block><block s="reportBoolean"><l><bool>false</bool></l></block><l>.25</l><l>letter _</l></list></block><block s="reportNewList"><list><block s="errorObsolete"></block><block s="reportBoolean"><l><bool>false</bool></l></block><l>.25</l><l>letter _</l></list></block><block s="reportNewList"><list><block s="errorObsolete"></block><block s="reportBoolean"><l><bool>true</bool></l></block><l>.5</l><l>_ has letter _</l></list></block><block s="reportNewList"><list><block s="errorObsolete"></block><block s="reportBoolean"><l><bool>false</bool></l></block><l>.5</l><l>_ has letter _</l></list></block><block s="reportNewList"><list><block s="errorObsolete"></block><l>WORKS</l><l>.5</l><l>uppercase word _</l></list></block><block s="reportNewList"><list><block s="errorObsolete"></block><l>FOR</l><l>.5</l><l>uppercase word _</l></list></block><block s="reportNewList"><list><block s="errorObsolete"></block><l>ATOZANDATOZ</l><l>1</l><l>uppercase word _</l></list></block><block s="reportNewList"><list><block s="errorObsolete"></block><l>works</l><l>.5</l><l>lowercase word _</l></list></block><block s="reportNewList"><list><block s="errorObsolete"></block><l>for</l><l>.5</l><l>lowercase word _</l></list></block><block s="reportNewList"><list><block s="errorObsolete"></block><l>atozandatoz</l><l>1</l><l>lowercase word _</l></list></block><block s="reportNewList"><list><block s="errorObsolete"></block><block s="reportBoolean"><l><bool>true</bool></l></block><l>1</l><l>_ has only these letters _</l></list></block><block s="reportNewList"><list><block s="errorObsolete"></block><block s="reportBoolean"><l><bool>true</bool></l></block><l>1</l><l>_ has only these letters _</l></list></block><block s="reportNewList"><list><block s="errorObsolete"></block><block s="reportBoolean"><l><bool>false</bool></l></block><l>2</l><l>_ has only these letters _</l></list></block><block s="reportNewList"><list><block s="errorObsolete"></block><block s="reportBoolean"><l><bool>true</bool></l></block><l>.5</l><l>_ is a pangram using all letters _</l></list></block><block s="reportNewList"><list><block s="errorObsolete"></block><block s="reportBoolean"><l><bool>true</bool></l></block><l>.5</l><l>_ is a pangram using all letters _</l></list></block><block s="reportNewList"><list><block s="errorObsolete"></block><block s="reportBoolean"><l><bool>true</bool></l></block><l>1</l><l>_ is a pangram using all letters _</l></list></block><block s="reportNewList"><list><block s="errorObsolete"></block><block s="reportBoolean"><l><bool>true</bool></l></block><l>1</l><l>_ is a pangram using all letters _</l></list></block><block s="reportNewList"><list><block s="errorObsolete"></block><block s="reportBoolean"><l><bool>false</bool></l></block><l>1</l><l>_ is a pangram using all letters _</l></list></block><block s="reportNewList"><list><block s="reportJoinWords"><list><block s="errorObsolete"></block></list></block><l></l><l>2</l><l>complete solution to puzzle _ using words _</l></list></block><block s="reportNewList"><list><block s="reportJoinWords"><list><block s="errorObsolete"></block></list></block><l>rebelberkeley</l><l>2</l><l>complete solution to puzzle _ using words _</l></list></block><block s="reportNewList"><list><block s="reportJoinWords"><list><block s="errorObsolete"></block></list></block><l>potSPOTSTOPStop</l><l>2</l><l>complete solution to puzzle _ using words _</l></list></block></list></block></custom-block><l>"</l><l>}</l></list></block></block></script></block-definition><block-definition s="score %&apos;list&apos;" type="reporter" category="other"><header></header><code></code><translations></translations><inputs><input type="%s"></input></inputs><script><block s="doReport"><block s="reportMap"><block s="reifyReporter"><autolambda><custom-block s="grade actual: %s expected: %s score: %n"><block s="reportListItem"><l>1</l><l/></block><block s="reportListItem"><l>2</l><l/></block><block s="reportListItem"><l>3</l><l/></block></custom-block></autolambda><list></list></block><block var="list"/></block></block></script></block-definition><block-definition s="grade actual: %&apos;actual&apos; expected: %&apos;expected&apos; score: %&apos;score&apos;" type="reporter" category="other" helper="true"><header></header><code></code><translations></translations><inputs><input type="%s"></input><input type="%s"></input><input type="%n"></input></inputs><script><block s="doReport"><block s="reportVariadicProduct"><list><block var="score"/><block s="reportIsIdentical"><block var="actual"/><block var="expected"/></block></list></block></block></script></block-definition><block-definition s="string output %&apos;list&apos;" type="reporter" category="other"><header></header><code></code><translations></translations><inputs><input type="%s"></input></inputs><script><block s="doDeclareVariables"><list><l>output</l></list></block><block s="doSetVar"><l>output</l><l></l></block><block s="doFor"><l>i</l><l>1</l><block s="reportListAttribute"><l><option>length</option></l><block var="list"/></block><script><block s="doSetVar"><l>output</l><block s="reportJoinWords"><list><block s="reportJoinWords"><list><block var="output"/><l>Test </l><block var="i"/><l>: </l></list></block><l>Block: </l><block s="reportListItem"><block var="i"/><block s="reportMap"><block s="reifyReporter"><autolambda><block s="reportListItem"><l>4</l><l/></block></autolambda><list></list></block><block var="list"/></block></block><l> (</l><block s="reportListItem"><block var="i"/><custom-block s="score %s"><block var="list"/></custom-block></block><l>/</l><block s="reportListItem"><block var="i"/><block s="reportMap"><block s="reifyReporter"><autolambda><block s="reportListItem"><l>3</l><l/></block></autolambda><list></list></block><block var="list"/></block></block><l>)</l><l>\n</l></list></block></block></script></block><block s="doReport"><block var="output"/></block></script></block-definition></blocks><script><custom-block s="Autograder"></custom-block></script></script>